Tags,Count
happy,3332
dark,2803
energetic,2304
relaxing,2231
epic,2206
melodic,2062
love,2024
film,1978
space,1833
corporate,1833
background,1721
positive,1514
documentary,1492
inspiring,1491
uplifting,1484
emotional,1465
meditative,1420
sad,1419
romantic,1394
advertising,1390
commercial,1374
dream,1373
emotion,1170
christmas,1133
motivational,1120
adventure,1091
fun,1036
deep,1032
action,1030
calm,1023
upbeat,999
soft,975
soundscape,960
party,941
dramatic,897
drama,851
movie,845
filmmusic,797
ambiental,793
summer,792
nature,739
dreamy,736
children,736
slow,734
game,708
playful,696
comedy,695
inspirational,695
powerful,692
ballad,668
trailer,645
travel,622
cool,605
sport,588
videogame,564
entertainment,548
filmscore,548
scifi,514
future,491
funny,464
optimistic,464
beautiful,458
heavy,449
horror,446
fashion,433
retro,430
groovy,421
melancholic,421
mellow,419
sentimental,401
energic,397
energy,391
light,387
abstract,382
relaxingmusic,373
holiday,369
motivation,354
melancholy,353
brazil,344
business,342
sexy,340
strange,336
hopeful,334
society,332
peaceful,324
bright,321
fantasy,320
folkrock,318
youtube,316
humor,314
jingle,303
sweet,302
presentation,299
relaxed,296
mysterious,294
video,290
culture,286
communication,286
nostalgic,285
north,285
poetry,283
urban,281
weird,280
joyful,275
night,265
driving,260
cheerful,259
tv,255
oldschool,255
spiritual,255
fast,253
technology,253
dancefloor,252
kids,248
heroic,248
sports,247
quiet,242
suspense,238
dynamic,237
chilled,233
thoughtful,231
scary,230
war,223
reflective,222
winter,221
mexico,221
cinema,220
zen,220
festive,218
halloween,217
catchy,216
animation,215
life,213
hope,211
drive,211
sadness,210
aggressive,207
france,200
motivate,199
computers,196
magic,196
happiness,194
mystery,194
dancing,189
lovesong,186
success,183
western,180
sex,180
romance,179
crazy,178
melancolic,177
sea,177
angry,176
soulful,174
extreme,171
cosmic,170
tension,166
history,165
warm,161
health,161
strong,160
bouncy,157
news,157
thriller,153
trailermusic,151
beach,150
battle,150
hypnotic,149
crime,147
japan,146
tech,143
nice,142
robot,142
wedding,141
traditional,137
trippy,136
darkness,132
religious,131
water,128
relaxation,127
ocean,127
yoga,127
tropical,124
surf,122
lullaby,122
indian,121
joy,121
science,119
child,118
ethereal,114
tribe,113
vintage,113
berlin,112
contemplative,108
xmas,108
arabic,103
clubbing,101
sciencefiction,97
loud,96
india,96
pensive,95
rain,95
political,93
spacey,92
social,92
laidback,89
dirty,88
freedom,87
planant,84
lovemusic,82
irish,81
epicmusic,80
creative,79
spy,78
eclectic,78
cold,73
russia,72
gloomy,62
celebration,61
africa,61
psycho,61
silly,59
silentfilm,56
festif,54
anxious,50
determined,48
conscient,47
poesia,45
violence,38
high,37
education,35
adult,32
workout,26
sensible,24
colombia,24
chaos,24
loved,20
silence,20
sleepy,18
excited,17
lazy,17
drunk,16
argentina,15
depressed,14
curious,13
amor,12
nervous,10
stressed,6
accomplished,5
disappointed,4
busy,4
productive,4
confused,4
easter,3
discontent,3
nordic,3
content,3
artistic,3
thankful,3
impressed,2
frustrated,2
procession,2
awake,2
cranky,1
flirty,1
guilty,1
annoyed,1
